,YEAR,MONTH,DAY,SLP,SAT,SST,U,V
0,1980.0,1.0,,1014.8018922543013,,,,
1,1980.0,2.0,,1014.0717408331695,,,,
2,1980.0,3.0,,1016.8387538462104,,,,
3,1980.0,4.0,,1016.53549625476,,,,
4,1980.0,5.0,,1014.8439836810677,,,,
5,1980.0,6.0,,1015.7631361605478,,,,
6,1980.0,7.0,,1013.8931746967772,,,,
7,1980.0,8.0,,1012.0650701671443,,,,
8,1980.0,9.0,,1013.4439454442572,,,,
9,1980.0,10.0,,1015.9473301200177,,,,
10,1980.0,11.0,,1019.8630638955698,,,,
11,1980.0,12.0,,1018.9089133913272,,,,
12,1981.0,1.0,,1016.6291174365783,,,,-4.104392251741833e-05
13,1981.0,2.0,,1018.45804269041,,,,-0.002663973204841739
14,1981.0,3.0,,1016.1849297755654,,,,-0.0052974419172278474
15,1981.0,4.0,,1016.9617210144928,10.049148550724636,9.129855072463766,0.0010036451814100602,-0.012228246210651716
16,1981.0,5.0,,1016.2787634408604,10.655744506778868,9.181217858812527,0.0025599622661993146,-0.013727856817263077
17,1981.0,6.0,,1015.8489893500224,11.675387022397892,9.410481444883619,0.0025695114980346817,-0.013610689435554466
18,1981.0,7.0,,1015.2969611968207,10.958806685366993,10.09095371669004,0.0011891732563563554,-0.008649745083690553
19,1981.0,8.0,,1014.861559139785,11.954569892473119,10.520967741935484,0.00234699039691228,-0.009986276183670708
20,1981.0,9.0,,1016.6845715435933,12.758155337014037,11.556932654704392,0.0014141332288881492,-0.006855604455476155
21,1981.0,10.0,,1017.2417239364188,12.27540057359658,11.89204970870644,0.001156318951990004,-0.002882770298449792
22,1981.0,11.0,,1018.0708333333333,13.404722222222226,13.675934343434346,0.0011396444484126226,0.000603851087363688
23,1981.0,12.0,,1020.7946505376344,12.216693548387095,12.871048387096774,0.0010839356228373694,-0.0018518271221860238
24,1982.0,1.0,,1020.4283919135253,9.700254827376149,11.437594387068438,4.83581250780378e-05,-0.0018707043967897566
25,1982.0,2.0,,1020.7413884575568,11.326326345755696,11.907757505175985,0.0003868978448676321,-0.0031659177306728264
26,1982.0,3.0,,1016.0502257852014,10.917433437296689,11.78553785508554,0.0015857349846308034,-0.0022318169475823704
27,1982.0,4.0,,1018.8865338164253,11.34432971014493,11.940791062801932,0.0021967512717357973,-0.005055076729784164
28,1982.0,5.0,,1014.9801893408136,10.500438288920057,9.800958391771855,0.0013293702885203026,-0.011508526982837254
29,1982.0,6.0,,1015.7702234299518,11.81684782608696,11.323454106280195,0.0003102181856858109,-0.006094707905883871
30,1982.0,7.0,,1016.1275537634407,12.444892473118275,10.962634408602149,-0.00038526758815977214,-0.010158136170863722
31,1982.0,8.0,,1016.6006486676016,13.26654394576905,11.525841514726508,0.0002833929693277853,-0.008174763281347959
32,1982.0,9.0,,1014.5759118357488,13.807512077294689,12.575374396135265,-0.00040341844785890426,-0.007945844460097372
33,1982.0,10.0,,1018.3092741935484,13.86021505376344,13.378220797435384,0.0002610526492240374,-0.0028376936828698237
34,1982.0,11.0,,1016.2438888888887,12.926527777777775,14.3875,-0.0007925336241779312,-0.0005433839459258629
35,1982.0,12.0,,1018.9333683964467,12.033035296867695,13.260612435717626,8.990671182735143e-05,-0.0002735196123619227
36,1983.0,1.0,,1017.1574918186067,11.276864188873306,13.206965871902757,-0.0010006878163744902,0.002431393347688767
37,1983.0,2.0,,1013.8892469452544,13.913533950917964,13.464005185838078,,0.002148715713041559
38,1983.0,3.0,,1012.271130564196,13.811984050071704,13.331352106284573,,0.0003975576188632554
39,1983.0,4.0,,1015.019386418946,11.828443118666227,11.918359440267329,-0.00022223868196088399,-0.0027430115332600672
40,1983.0,5.0,,1017.3865012325217,11.977732266564665,11.706385205491095,0.0017552891563859846,-0.00849597079650965
41,1983.0,6.0,,1015.074558080808,12.100978848636744,10.462431379007464,0.002432785915641357,-0.011019366690963938
42,1983.0,7.0,,1016.164031089294,13.359876110331935,11.720909303412812,0.0024323857314826358,-0.01052946663864753
43,1983.0,8.0,,1016.5055691912106,15.088546049555864,14.322206638616176,0.0015905064361689744,-0.006033907976868964
44,1983.0,9.0,,1013.9642512077296,15.70425724637681,15.733140096618355,0.0006311099251390807,-0.004394976411352859
45,1983.0,10.0,,1017.6091421224871,15.238160355306215,15.177192279436321,0.0008809645213012895,-0.004495984659240471
46,1983.0,11.0,,1017.4476570048308,13.971491545893722,14.71396739130435,0.0008167223470845831,-0.0013463340737865982
47,1983.0,12.0,,1019.1461509504986,12.146915113871634,12.849339407307887,0.0005108594246069189,-0.00021465061393262242
48,1984.0,1.0,,1023.6468501636276,11.193256194483402,11.92278517999065,-0.0007090677119788157,-0.002356249978605812
49,1984.0,2.0,,1022.1430847076462,11.257208895552221,11.983070964517742,0.0009017899169128016,-0.002521344027718572
50,1984.0,3.0,,1020.3031570463196,11.818916018530324,11.545789466494234,0.0020545636957421164,-0.006617310040008124
51,1984.0,4.0,,1019.4566606280192,10.451763285024152,9.90975845410628,0.0025632621553366482,-0.00965591906826536
52,1984.0,5.0,,1018.5735941361121,11.121890235757695,9.485112368930745,0.0027857496171881397,-0.010294929254395471
53,1984.0,6.0,,1015.3673671497583,10.815555555555555,9.1412922705314,0.0033476009769551106,-0.01145773339829062
54,1984.0,7.0,,1014.0181653491437,12.738774491053595,12.064631943559007,0.0017970466803838212,-0.005884352074898761
55,1984.0,8.0,,1013.8485038511003,12.303982874620738,12.846872895961681,,-0.00743596894964494
56,1984.0,9.0,,1011.8350439174353,13.679993412384714,13.081396574440053,-0.00035945493909080126,-0.007288997045602132
57,1984.0,10.0,,1017.0903693314633,13.055236091631606,12.919471715755027,-0.000258925909524271,-0.0052582757098964105
58,1984.0,11.0,,1017.1054270186336,12.261922015182884,12.459422015182884,0.0009255054286422881,0.0005192252980373833
59,1984.0,12.0,,1016.4828243869267,10.363004696332188,12.163593331633306,-0.002252611783498975,-0.0007665819985420463
60,1985.0,1.0,,1021.239621318373,9.755197840962216,11.639923073653787,-0.0018386261110176843,-5.85785629138167e-05
61,1985.0,2.0,,1019.5974184782608,9.999152432712217,10.551281055900628,-0.0005218913109946467,-0.006333816452218169
62,1985.0,3.0,,1018.8130110714436,9.257929045008288,9.599862935101363,0.00026461507329697206,-0.006020426378808279
63,1985.0,4.0,,1017.1830615942027,9.75532608695652,9.435519323671498,-5.829745529070583e-05,-0.007031456198275371
64,1985.0,5.0,,1015.8545459858046,10.394885111382305,9.302121470161444,0.0008404884442389112,-0.007833127085855256
65,1985.0,6.0,,1015.5340842389239,11.710593669615404,10.751979347248227,0.0003962375269138143,-0.0052841918489465785
66,1985.0,7.0,,1015.5915165859152,12.087199838497176,11.363482032810571,0.0004648202929025626,-0.004727482328727968
67,1985.0,8.0,,1016.0098644226274,13.123352033660591,12.51213768115942,-0.0004142460247010712,-0.00664358915728955
68,1985.0,9.0,,1015.197747584541,13.376515700483088,13.15905193236715,0.00014614165800356046,-0.003160442787408721
69,1985.0,10.0,,1016.389995324918,12.362926601215522,11.697843618513325,-0.0008366831313482215,-0.005743939900250942
70,1985.0,11.0,,1017.3835628019324,9.93661231884058,10.337898550724637,-0.0016624602730758488,-0.004358357506007239
71,1985.0,12.0,,1022.5073186280761,9.502587232776573,11.121243465510647,-0.00234615223865883,0.0021730812098951324
72,1986.0,1.0,,1021.0541682081036,11.678466124080815,12.145206399756262,-0.0008943499538601883,0.002739440500291223
73,1986.0,2.0,,1015.7391006661547,13.38470216323517,12.890773077253243,,0.000419385187736869
74,1986.0,3.0,,1016.3153663000148,13.375604765885685,12.901171065618973,,-0.003250685171789737
75,1986.0,4.0,,1017.0135681005513,11.515417384239342,11.511735143125739,,-0.008378056347080378
76,1986.0,5.0,,1014.4585364234247,9.89286559007424,10.719653696816339,,-0.007009308572014038
77,1986.0,6.0,,1014.1726312864627,11.185287601710744,12.293967200666266,,-0.004972231507509311
78,1986.0,7.0,,1014.9738339739464,11.441395061475776,12.230359601682188,,-0.004114748861488674
79,1986.0,8.0,,1013.4662222439388,12.842258097884473,13.374357360619525,,-0.003724904203506664
80,1986.0,9.0,,1015.2673375537506,13.716557174709349,13.210376353912293,0.0013837464880775425,-0.0035075145775533465
81,1986.0,10.0,,1017.6134525479196,12.770026881720428,12.815942028985507,0.0003805897826387542,-0.003512628839200717
82,1986.0,11.0,,1021.1092631386326,12.487727528912306,12.12172569901918,7.084384913240462e-05,-0.005454278514229565
83,1986.0,12.0,,1020.5593719452593,11.100488758553276,12.611730205278597,-0.0026242456007853137,0.001124234840299428
84,1987.0,1.0,,1021.3061652641424,10.926186302010283,12.07675549322113,-0.0012957695927359634,-0.0006564634092701214
85,1987.0,2.0,,1017.9739583333333,11.895535714285714,11.704491341991346,-0.0004269137562616944,-0.0033184219739984693
86,1987.0,3.0,,1017.5891771856008,11.330049088359045,11.439019401589528,0.0006907879162420441,-0.00269382830975392
87,1987.0,4.0,,1018.1966666666666,10.938611111111117,10.300555555555556,0.001176031524985569,-0.007673605390714045
88,1987.0,5.0,,1015.443325258192,11.81085734625356,10.554774958561778,0.0015737009537901145,-0.009019392292784095
89,1987.0,6.0,,1016.0588949275364,11.581914251207733,10.475151051026199,0.0009137837923242241,-0.006613451445321233
90,1987.0,7.0,,1014.3956930808788,12.691339410939689,11.918784476684758,0.003160827672209041,-0.008421885558886186
91,1987.0,8.0,,1015.5354838709676,13.21048387096774,13.530685651347001,0.0009175580391109902,-0.0018149273295503144
92,1987.0,9.0,,1016.8123373974776,13.504650064673545,13.534524269479196,0.0024132241532759174,-0.005485813029190547
93,1987.0,10.0,,1016.7877443792768,13.93684017595308,13.766605571847506,0.000783360887174632,-0.002456940424213487
94,1987.0,11.0,,1019.4604438405797,13.439755434782608,13.241808799742598,0.0007374969098666955,-0.0031859720940460357
95,1987.0,12.0,,1018.0928204219513,13.27639240047154,12.50934200204963,,-0.0004855876708189535
96,1988.0,1.0,,1019.9882243358844,12.314069078206035,11.46188192999934,,-0.0012412201446528176
97,1988.0,2.0,,1019.6102808423443,12.185067887347481,11.59041840585398,,-0.004670045039524874
98,1988.0,3.0,,1020.1575866366188,11.362470875290695,10.916631323612854,,-0.011223082085961471
99,1988.0,4.0,,1016.3478140096618,11.030851449275362,10.904945652173915,0.0007328546462710728,-0.005885648489709739
100,1988.0,5.0,,1017.9188464235623,11.532988546049554,10.971353436185133,0.0003665497140760217,-0.010435035140962673
101,1988.0,6.0,,1015.2680555555555,12.098888888888887,11.144722222222226,0.0002820618141188617,-0.009904479983180588
102,1988.0,7.0,,1014.9270278167368,12.130294530154279,10.717461430575037,0.0007263936978728696,-0.008883047407157044
103,1988.0,8.0,,1013.2241537039399,13.014276531089294,12.788304857835016,0.00038559237250286767,-0.005421325152503389
104,1988.0,9.0,,1014.5762801932367,12.003586956521735,11.915827294685993,0.0006540722742558192,-0.005578592415857836
105,1988.0,10.0,,1017.0494623655916,12.375672043010757,12.833333333333336,0.0011516587862324904,-0.003861905049772655
106,1988.0,11.0,,1019.8380303030299,12.436060606060606,12.841944444444444,0.0018202707210411297,-0.002582825616549193
107,1988.0,12.0,,1021.6154453015428,10.569454184198225,11.221522907900887,-0.0003837743711831312,-0.0031066683659648144
108,1989.0,1.0,,1023.7291666666667,9.301881720430107,10.266801075268818,-0.00028467977651187696,-0.003862462899320907
109,1989.0,2.0,,1022.2219173489557,8.40111048371918,10.046987930547713,-0.00025056231612362263,-0.0033469499149762784
110,1989.0,3.0,,1018.7169445152788,10.362589251561904,10.840200391006839,0.00193709940353665,-0.0013744084384901508
111,1989.0,4.0,,1017.2686896135268,11.714927536231887,11.748176328502414,0.0012315640658958908,-0.003403638243128261
112,1989.0,5.0,,1017.1843618513324,11.642034829359512,11.12000350631136,0.002981839579240048,-0.012283643297869178
113,1989.0,6.0,,1014.9326207729467,11.666932367149755,10.354221014492751,0.00247520899161398,-0.006970050826377366
114,1989.0,7.0,,1015.9331697054698,11.854166666666664,9.825987611033193,0.004598385819871566,-0.0139964479400999
115,1989.0,8.0,,1013.333558039521,11.69238626206392,12.247536909800164,,-0.004556433656851185
116,1989.0,9.0,,1013.1851242058552,13.716188731108431,14.138555395485009,,-0.0025460052529092106
117,1989.0,10.0,,1016.8272206638617,12.604254324450677,13.067455586722767,0.00015667393221591709,-0.003974605164402112
118,1989.0,11.0,,1018.4801751207727,12.17976449275362,12.358079710144928,-0.0009289800314516617,-0.003870670705677541
119,1989.0,12.0,,1021.2687587657783,11.184916182461764,12.878706672009615,-0.0019953490471768197,-0.0011227847794183484
120,1990.0,1.0,,1019.7263674614304,11.110244273024776,11.969559373539038,-0.0008383091589237638,-0.0036584429996553663
121,1990.0,2.0,,1021.2690282091097,9.286180124223604,10.504748964803314,-0.0007303610601633902,-0.005908568830234581
122,1990.0,3.0,,1018.6522498831227,9.881930808789154,10.305025712949977,0.00019177937244278592,-0.006302030419053825
123,1990.0,4.0,,1016.2493246910096,11.31112185519794,10.701019825585043,5.1267781096332534e-05,-0.007844369325604143
124,1990.0,5.0,,1014.1220342449743,11.062599345488543,10.35667660121552,0.0006817032696638068,-0.007027841348699038
125,1990.0,6.0,,1015.0662834870444,12.414889657444006,10.78774209486166,0.000612441233298766,-0.010881332623644208
126,1990.0,7.0,,1013.8800591063916,12.975904962265409,12.023997361918125,0.00017491043707585892,-0.0057808485499863645
127,1990.0,8.0,,1014.8828482935949,13.65764375876578,13.176110331930804,0.0009463177497448004,-0.0049358221265705686
128,1990.0,9.0,,1015.0210463328945,14.400842116820376,12.69542325428195,0.0010426272664567648,-0.006957538246425566
129,1990.0,10.0,,1016.7690966466913,12.648492817374306,12.11993019252837,0.0008093823546716107,-0.007829318304283425
130,1990.0,11.0,,1020.6079040404044,11.875126262626262,11.542310606060607,-0.0009066998247311645,-0.006706403470204008
131,1990.0,12.0,,1021.2968618513324,8.991058906030855,10.534689107059377,-0.0017501582799436964,-0.0045259019436038215
132,1991.0,1.0,,1021.5518907518381,10.17600833014578,10.459387883037953,-0.001134142927847444,-0.0008683335364377973
133,1991.0,2.0,,1019.2794125258799,10.835559006211183,11.448803053830225,0.000429560117873015,-0.00328105702355068
134,1991.0,3.0,,1013.6903225806453,10.227366760168305,11.19493922393642,9.408789699947259e-05,-0.003724629969565354
135,1991.0,4.0,,1019.6359722222224,10.487638888888887,10.378055555555557,-0.005199843834509717,-0.008071923154779009
136,1991.0,5.0,,1016.6337657784012,10.238960963066852,9.484075502571297,-0.006246977496558546,-0.010234263750864859
137,1991.0,6.0,,1014.1069444444445,10.613194444444442,9.814861111111107,-0.0042616626635309214,-0.008903849073423072
138,1991.0,7.0,,1014.8016129032258,11.95870149602618,11.748591631603553,-0.002131111453233114,-0.004523443346399978
139,1991.0,8.0,,1016.7454243395692,13.400208784903738,12.843975140100667,0.0006533064662980773,-0.005667161198675999
140,1991.0,9.0,,1014.2261533816423,12.633520531400967,12.98847222222222,0.00035795476111978206,-0.003513864474203332
141,1991.0,10.0,,1015.3620558672276,13.227828424497428,13.753962131837307,0.00040403177635568163,-0.005158249550811875
142,1991.0,11.0,,1020.5889553140096,11.785434782608693,11.8037922705314,-0.0008704207751286276,-0.006759253496828682
143,1991.0,12.0,,1018.0263440860216,10.467607526881725,11.228763440860217,-0.0020583899623585248,0.0006034303713277576
144,1992.0,1.0,,1019.4680247779337,10.434669237961664,12.420968910705936,-0.0020767290424845305,0.0009560046270204773
145,1992.0,2.0,,1015.0941513821012,12.854074586083579,13.356952692484928,0.0015981992234978053,0.0028730637186638193
146,1992.0,3.0,,1013.794394677138,14.208388356126347,13.722125965362215,,-0.002251905507438367
147,1992.0,4.0,,1016.2570362587442,13.713354367156384,13.39143113991563,,-0.0074318193215003065
148,1992.0,5.0,,1013.4032023501036,12.406665217856572,12.9716564169944,,-0.0052423247162881395
149,1992.0,6.0,,1012.4673422708624,11.484121608609636,12.560688814468104,,-0.003566416693492332
150,1992.0,7.0,,1014.5071294997659,13.771894258149517,13.349198329720776,0.0011841711589075815,-0.005534128110259246
151,1992.0,8.0,,1014.7793467635685,12.508992626120955,11.875701262272091,0.0011288224678652119,-0.007807340683597085
152,1992.0,9.0,,1013.400249074597,13.451106797791581,13.270132614969572,0.00013911722609449728,-0.005431128075861579
153,1992.0,10.0,,1014.3720366356407,14.708399209486165,14.984671044243276,0.0006874278363188443,-0.002798908859204448
154,1992.0,11.0,,1019.847426359872,13.170819138590875,13.498418815484033,-0.0011126985360546157,-0.0058687730925709464
155,1992.0,12.0,,1016.4505408219644,11.114302562794853,12.661434825109437,0.0006640905963978724,-0.0004416993544431587
156,1993.0,1.0,,1014.1239955404576,10.558030211957282,12.194087615283268,-0.0015869473814757642,0.0007353881535526707
157,1993.0,2.0,,1013.3285929435743,11.524744389382546,12.420008116883116,0.00032943428241386424,0.0009401640474540424
158,1993.0,3.0,,1018.8809421039869,12.12948914105997,12.717944220273855,0.0008723657137291089,-0.0037821801878839423
159,1993.0,4.0,,1018.6977717391304,12.115356280193234,12.070567632850238,0.0011785823335762418,-0.0070961213452641935
160,1993.0,5.0,,1014.1191083343956,12.772917994814913,12.212226932721324,0.0013052114277798974,-0.002672854042174094
161,1993.0,6.0,,1013.083787878788,12.638472771190164,11.173284475186653,0.0017052280073855605,-0.012680469688498895
162,1993.0,7.0,,1013.0355991542352,11.566796825194439,10.478213056228483,0.0016596496430443279,-0.008948545500049991
163,1993.0,8.0,,1013.0960150240128,13.206981278422372,12.245568234944113,-0.0007745247513977555,-0.006950335796985522
164,1993.0,9.0,,1014.2827042160736,12.074685990338164,12.350415019762847,-0.0015649527281640838,-0.006483272418797825
165,1993.0,10.0,,1015.9194424964937,13.371639784946234,13.259022907900887,-0.0006477148518105996,-0.0035788351507736764
166,1993.0,11.0,,1018.1074709046992,12.979268225735614,13.996744071146246,-0.0021159803873664475,-0.001972231056356633
167,1993.0,12.0,,1019.9966690042077,11.141269284712484,12.773784478728375,-0.0008642881824913308,0.0012065267306279018
168,1994.0,1.0,,1020.9189165497896,11.636074100046748,12.480867227676484,-0.00095183389126294,0.00026070032638512584
169,1994.0,2.0,,1016.7677389532887,11.070227507999249,12.423107565654721,-0.000602313211077299,-0.0013098735916798679
170,1994.0,3.0,,1017.9609045220793,11.598285261956372,12.428113058049938,-0.0032417782499349268,-0.003482603872170349
171,1994.0,4.0,,1016.7616666666668,10.870283816425124,10.536533816425123,-0.005440273621359293,-0.007524396445875122
172,1994.0,5.0,,1014.6300140252457,11.022516362786353,9.94276531089294,-0.003870427171898183,-0.00890960218325753
173,1994.0,6.0,,1015.2937895256916,11.078981664470792,9.40199330259113,-0.007002046740791853,-0.010059100577963212
174,1994.0,7.0,,1013.3360733107477,11.288871635610766,10.673084734339996,-0.0044227494645376324,-0.0050311687793633784
175,1994.0,8.0,,1013.9536184070724,12.43703727315228,10.957227782736194,,-0.0077582075876737044
176,1994.0,9.0,,1015.5164145690312,13.056316055289738,12.555111359591338,,-0.003691487277824318
177,1994.0,10.0,,1015.150795295168,12.825466445662801,12.8897955714225,-7.928335496019533e-05,-0.006185184925867107
178,1994.0,11.0,,1019.7167874396137,10.63540458937198,11.51828502415459,-0.0007663101253151418,-0.0045724450325209005
179,1994.0,12.0,,1019.7268115942027,9.892759467040673,11.366871201496027,-0.002478318374265381,-0.0010636348885884805
180,1995.0,1.0,,1013.4700502571296,11.677810892940625,12.154943899018233,-0.0005495789308797562,0.006292053269459968
181,1995.0,2.0,,1019.573932453416,11.698350155279504,12.759472049689446,-0.0008306176271281303,-0.001735722268175045
182,1995.0,3.0,,1015.55226741468,12.176770687237024,13.065258298270216,0.0019428784932760594,-0.0009659642018929732
183,1995.0,4.0,,1017.4485990338167,10.90373188405797,11.048520531400966,0.000605704211377311,-0.007936611399434192
184,1995.0,5.0,,1014.935530621786,11.3205528284245,10.929014726507713,0.00047682373055836486,-0.008572790865543214
185,1995.0,6.0,,1015.380496267018,11.66944169960474,10.657458278436536,0.0006177486605884933,-0.009050762453722131
186,1995.0,7.0,,1015.7071704067323,13.476046049555867,12.515766713417484,0.0006406867577481357,-0.005921580687640564
187,1995.0,8.0,,1012.4004479274817,12.706055445256007,11.980877625179868,0.000650420022829597,-0.008575323419045785
188,1995.0,9.0,,1015.0959936319721,13.94973869126043,12.823071475625822,0.0005475555557245174,-0.006587318914546719
189,1995.0,10.0,,1016.1205076713844,12.79562773598538,12.462079773896045,-0.00014119963015629054,-0.0063416170191826935
190,1995.0,11.0,,1020.7130361848295,12.211389437856829,12.57626709643014,-0.0001551172621699637,-0.004812595717165746
191,1995.0,12.0,,1019.9852033660588,12.192478962131837,12.675555165965404,-0.0009045527287992356,0.0010804954297640847
192,1996.0,1.0,,1019.6745124557538,11.60841932144527,12.280547485473852,-0.0006137468615627008,-0.002504269194947112
193,1996.0,2.0,,1016.5866436100133,11.998025987006498,13.056266185089273,0.0007942108720122923,0.0009259052551803248
194,1996.0,3.0,,1017.9559022907899,11.9692613370734,12.635670874240295,2.0071672769912657e-05,-0.005148097955601701
195,1996.0,4.0,,1019.4590766359244,12.143706239412762,12.433772664533533,0.0004949697828294951,-0.00623181675133031
196,1996.0,5.0,,1016.0980007953708,11.11499858836815,10.242902907050873,0.0009719253061536363,-0.010316928405327523
197,1996.0,6.0,,1014.6435869565216,10.889208937198068,9.329341787439613,0.0007642587966481733,-0.01419473481514699
198,1996.0,7.0,,1015.0255310063163,11.529890292425351,11.378373167661385,0.00040381547663748796,-0.00560972998597172
199,1996.0,8.0,,1014.5435725187692,11.943678899797414,11.23065918653577,0.0003874363671896384,-0.009273305178925757
200,1996.0,9.0,,1014.0548090882547,12.282783995392695,12.183381802217614,0.0004864598605189245,-0.0054338336786380935
201,1996.0,10.0,,1017.0790018512587,12.9190945642144,12.310349166378266,0.00024646805781185633,-0.00677411908512411
202,1996.0,11.0,,1019.1387168455817,11.90919091574661,11.796597691715418,3.5206737003249216e-05,-0.004085235714991425
203,1996.0,12.0,,1017.8479738560553,12.01300685702476,12.103457393358473,0.000976273942938174,0.0014701847607148414
204,1997.0,1.0,,1018.5353094625584,11.084776578084169,12.262389298062715,-0.002379072670558592,0.0017285454084089154
205,1997.0,2.0,,1021.0728945679064,11.486622351509777,11.819166974562778,-0.00114320182574295,-0.00870041498659732
206,1997.0,3.0,,1019.7960531380728,10.409751476900844,10.664553792646304,-5.2266126968444877e-05,-0.008477335723985447
207,1997.0,4.0,,1018.0812369754666,10.630539523121502,10.509757610284812,3.476966278318532e-05,-0.009613350638602998
208,1997.0,5.0,,1015.0893802165041,12.3000845126036,12.87617544249846,,-0.0059601460002934115
209,1997.0,6.0,,1011.9556207329207,10.607066826309824,11.777881431348634,,-0.010955957086384749
210,1997.0,7.0,,1013.1710546481619,11.88127124713546,12.660835507250258,,-0.005972305184249342
211,1997.0,8.0,,1013.9357937319568,14.477143668071356,14.97646851583485,,-0.00579532545863533
212,1997.0,9.0,,1011.6054059926688,15.155404910416095,15.760085883786676,,-0.007226400155076171
213,1997.0,10.0,,1014.9513226816373,14.235209258309188,14.1520230206011,,-0.0075863814134331155
214,1997.0,11.0,,1014.0919658223538,15.678042797869821,15.246187540470276,,-0.00040530981618948196
215,1997.0,12.0,,1018.3263750796623,15.026700834317953,14.533106759916544,,-0.001202978809928215
216,1998.0,1.0,,1015.1363959884627,14.269659306996347,13.784092373450177,,0.00244647636325082
217,1998.0,2.0,,1011.7798685080674,13.911721771171107,13.462040856836648,,0.001157370930607406
218,1998.0,3.0,,1014.8553565735364,13.04067867303416,12.571002195578124,,-0.005136353725587384
219,1998.0,4.0,,1017.1670788474808,10.988997631595456,11.890042411694589,0.00040631148974468623,-0.006472216433205857
220,1998.0,5.0,,1016.1558692515213,12.288859636740073,12.376245765608505,0.0009829614014684796,-0.00479894324372238
221,1998.0,6.0,,1015.4151657883181,12.646989459815547,12.301533816425119,0.0006327561390038734,-0.007023457052636207
222,1998.0,7.0,,1014.945169007563,12.292822332724151,11.294898289009527,0.000738757738525625,-0.008702896938519816
223,1998.0,8.0,,1014.7261376538376,12.426306973764895,12.474099591385706,0.00018126596985111202,-0.01015268664517495
224,1998.0,9.0,,1011.5063509316768,13.145100069013116,13.147808519982428,0.00044156417252437237,-0.005498165074009535
225,1998.0,10.0,,1016.5762909642584,13.058796330815492,12.599918291176612,0.00013823592130047784,-0.00637301846600751
226,1998.0,11.0,,1018.6735095520422,11.915256368028107,11.853285024154587,0.0009540083470392619,-0.0008936314951536793
227,1998.0,12.0,,1024.3224707807387,9.976458625525948,11.210947872837773,-0.0007375086768449643,-0.004631462341969148
228,1999.0,1.0,,1020.6795698924733,10.083052828424501,10.795073632538571,-0.0004697804720543038,-0.0019259084370157906
229,1999.0,2.0,,1021.9955357142856,9.869791666666668,10.391517857142855,0.0006523607949981742,-0.0015885331600242467
230,1999.0,3.0,,1017.3893525011688,9.679832865825153,10.505493221131367,0.0006225983073981,-0.003637398259681413
231,1999.0,4.0,,1017.2180917874396,9.66846618357488,9.734553140096617,0.00021906815058391385,-0.009888655989756436
232,1999.0,5.0,,1017.1001259084534,9.381457456755493,8.298282438692679,0.001034780016200114,-0.011676155989002693
233,1999.0,6.0,,1014.5641425120772,10.44539130434783,9.202832125603862,0.0012801396576541946,-0.011512553656765288
234,1999.0,7.0,,1015.4669296400186,11.460014693114273,10.79309089694784,0.0008319936955261838,-0.007842583683954145
235,1999.0,8.0,,1014.9819489554884,13.078431935058862,12.086925177440607,0.0012611203298017206,-0.007205501166280033
236,1999.0,9.0,,1012.896914800176,12.372613491580884,12.96211837028873,1.2199933316314235e-06,-0.002712990104411837
237,1999.0,10.0,,1017.9935375694099,12.2623287769125,13.201924241128314,-0.0002545023957594149,-0.003953735274636948
238,1999.0,11.0,,1019.468281532636,12.513547178634992,12.471731634339475,0.0002592894191779392,0.0003064332011547357
239,1999.0,12.0,,1024.3931488801054,11.004662331590804,11.237492562369841,-0.0018726222321611625,-0.006244335758005017
240,2000.0,1.0,,1021.113920604137,11.102439509937662,11.442416392568829,-0.00017338367083399923,-0.0005314268087669707
241,2000.0,2.0,,1016.1058378765164,11.484704920267141,11.871844759438465,0.0013725587471272312,0.003912622459603268
242,2000.0,3.0,,1018.381274627663,10.569208211143694,10.74914138378374,-0.0005647588894661481,-0.009698048185173402
243,2000.0,4.0,,1018.2987451898656,11.279197608937485,10.893573290449252,0.00020004698225316967,-0.005083355905694578
244,2000.0,5.0,,1016.0989807458847,11.637254415204143,10.582125801722206,-4.800272910750023e-05,-0.009840439873118379
245,2000.0,6.0,,1014.276661725955,11.608521629336849,10.633233970136144,0.0002292261496681329,-0.005467458334081199
246,2000.0,7.0,,1015.5694961536827,11.88219696969697,10.672214076246334,0.00010738835120680608,-0.010804269707564356
247,2000.0,8.0,,1014.3345546984572,11.992402992052359,10.736091631603557,0.0001361172054003353,-0.008394617714043269
248,2000.0,9.0,,1013.1440519323672,13.953031400966186,13.592705314009663,-0.00011377126902433081,-0.004488210029425089
249,2000.0,10.0,,1014.6235383494212,12.556567822079742,12.382044179523135,-0.00011247577151723909,-0.005393035849989656
250,2000.0,11.0,,1019.8170196530524,10.970966732542822,11.227821695213,-0.0009994620073352416,-0.003804782790891964
251,2000.0,12.0,,1021.1111559139785,11.540052928604819,11.796908602150536,-0.0014834487486448153,-0.001049111824204976
252,2001.0,1.0,,1019.2838539674443,10.821203621063368,11.492880594160395,-0.0009150419706712636,-0.0003539672199422793
253,2001.0,2.0,,1015.8686464803312,10.170535714285714,10.700912267080747,0.0010786872225324094,-0.0007746085082697482
254,2001.0,3.0,,1016.7788051826622,10.980984104721834,11.172291791892073,-0.00048289783398586277,-0.007952514844883947
255,2001.0,4.0,,1017.7738492063492,9.576805555555554,9.495532263630093,-0.0002245835818493085,-0.01031968709210249
256,2001.0,5.0,,1015.2171522376643,10.738388265544646,9.782030154277699,3.1997551969703626e-05,-0.00884982321596112
257,2001.0,6.0,,1014.6385968379446,11.155929951690819,9.450368906455868,0.00022218645463509628,-0.014035783790723249
258,2001.0,7.0,,1014.0424322113138,11.525105189340815,10.916456287985039,-4.307216361677055e-06,-0.008120241942746085
259,2001.0,8.0,,1014.6443256194484,12.622165731650302,11.490969123209656,0.00035025098817332976,-0.009763792727309557
260,2001.0,9.0,,1013.2344806763284,12.402705314009664,11.619830917874394,3.457576633821794e-05,-0.00462228938982126
261,2001.0,10.0,,1015.9907082748947,12.279207573632537,11.605861383824218,-7.979890741197032e-05,-0.004520781953663512
262,2001.0,11.0,,1016.9947886473433,11.933689613526573,11.944522946859903,0.00013847341308508896,-0.0013422947785982325
263,2001.0,12.0,,1018.5562951016356,12.478739506675177,11.587069227571705,,-0.0006443301772803247
264,2002.0,1.0,,1020.9186324615193,11.897811975890026,10.967587892358964,,-0.004315095453575345
265,2002.0,2.0,,1020.993963218336,11.571573636500373,10.925415637093217,,-0.0018053332889976746
266,2002.0,3.0,,1019.5061827956993,10.276881720430104,10.776612903225805,-0.0006076797924758819,-0.0048950422883820895
267,2002.0,4.0,,1017.7116787439612,10.386328502415461,10.340048309178744,-0.00018190912253336424,-0.006719555008476552
268,2002.0,5.0,,1016.22543828892,10.286477325853198,9.787938288920056,-0.00026524074788076126,-0.011124979243493488
269,2002.0,6.0,,1014.0790217391302,10.622493961352657,8.886056763285023,9.463443160477479e-05,-0.014386723391429719
270,2002.0,7.0,,1014.4648258532023,11.431834119597097,10.26093597262952,0.00012097613311734842,-0.006977128465729982
271,2002.0,8.0,,1014.2276422560608,12.172988290687945,11.699314599612634,-2.0367728340541558e-05,-0.006407285343291185
272,2002.0,9.0,,1012.7268055555555,12.702083333333334,13.179305555555556,0.0004260131370564872,-0.0051959034706913435
273,2002.0,10.0,,1014.644931255047,12.323967763185856,12.605570784988739,-0.00032581372106756036,-0.005625519196618244
274,2002.0,11.0,,1018.6169444444445,12.87375,12.898333333333332,-0.00021412684061263948,-0.00195980098590012
275,2002.0,12.0,,1016.7560016362784,12.499205236091635,12.978862786348765,0.0023617046842495147,0.0035471782228335704
276,2003.0,1.0,,1021.6081229546517,12.351525245441794,12.917572463768115,-0.0014709941472105946,0.0024800318357256173
277,2003.0,2.0,,1016.503759057971,11.813444616977224,12.515269151138716,-0.0016454500867080586,-0.005259062179996761
278,2003.0,3.0,,1018.4613047603334,11.729213417484806,11.890128983507216,0.00019847912389366217,-0.006855086506122882
279,2003.0,4.0,,1016.0210642135643,11.016657647907648,11.13985028860029,0.001676945600543361,-0.0035113696326291976
280,2003.0,5.0,,1015.4875759700792,10.851209677419353,10.034420289855072,-0.0001251264009620201,-0.010937484255734256
281,2003.0,6.0,,1012.2491409757927,11.541027007069848,10.126434621244652,0.00030425223498920656,-0.009756905323967249
282,2003.0,7.0,,1014.5204045705984,11.22316715542522,10.10473926805624,0.00012769136321312658,-0.009235741239932836
283,2003.0,8.0,,1015.7049516908212,13.93022342995169,12.896010260647008,0.00028333837428789457,-0.005311591633858186
284,2003.0,9.0,,1012.1059305076124,12.734307231194778,13.032292965350802,,-0.005297505460841417
285,2003.0,10.0,,1013.859583627784,11.917840534875126,12.212230842700794,,-0.008774962099950781
286,2003.0,11.0,,1019.1544551282053,11.988942307692303,12.06132056621508,-0.0014641490417508446,-0.001463559768746163
287,2003.0,12.0,,1017.8879911111978,13.108833910593095,12.3156053096244,,0.0021339175072983933
288,2004.0,1.0,,1019.5286774077226,12.726295461518905,11.951389597966804,,-0.0012127154051645446
289,2004.0,2.0,,1017.602723638181,11.291985257371314,11.84382808595702,0.0013457311428518204,-0.0007644718354589346
290,2004.0,3.0,,1018.4368279569893,11.345430107526882,11.110080645161288,-8.605097683935916e-05,-0.008830803467007388
291,2004.0,4.0,,1016.9812922705316,11.03623188405797,10.51808574879227,0.0005914024208042085,-0.006446966959267936
292,2004.0,5.0,,1016.2896563814863,11.966462131837304,10.734303412809725,0.0007804125010136215,-0.010262344566490993
293,2004.0,6.0,,1014.3238526570047,12.291487703118145,10.607306763285026,0.00065767409262198,-0.013064392266232386
294,2004.0,7.0,,1014.1792107611882,12.786866207658631,11.946862382591696,0.0005291464097005976,-0.005176156299819957
295,2004.0,8.0,,1014.4327165412897,13.878563156105232,12.850416507288875,0.000744429616786718,-0.005395297636186161
296,2004.0,9.0,,1013.0972584541064,13.277151405357928,12.262892512077293,0.00016194980855617868,-0.009019634367830478
297,2004.0,10.0,,1013.2493279569893,13.066532258064516,13.009946236559141,0.0004617878322303525,-0.0037678980934778795
298,2004.0,11.0,,1019.9807669082126,12.588266908212555,13.54572463768116,-0.0011010120577479119,-0.0029320600303175746
299,2004.0,12.0,,1017.9470430107524,11.443951612903225,12.491935483870964,0.00048505361864233565,0.0003852750046416007
300,2005.0,1.0,,1017.1329827021973,10.599649368863954,12.60906381486676,-0.0015030180121145562,0.001514774831787256
301,2005.0,2.0,,1015.5707427536232,12.21840709109731,12.710416666666667,-0.0011524365213362012,-0.00033170970206294035
302,2005.0,3.0,,1017.1337307152876,12.686231884057973,13.337283777466107,0.001177698273414319,-0.004602578466487221
303,2005.0,4.0,,1017.9283333333333,11.279583333333333,11.399468599033813,0.00017991507090919654,-0.007616738853966195
304,2005.0,5.0,,1015.2512096774193,12.92970430107527,12.247849462365592,0.0007616455012447635,-0.006147183330581966
305,2005.0,6.0,,1013.0875422705316,11.936231884057975,10.834142512077296,0.0006146223948110853,-0.009467165599797113
306,2005.0,7.0,,1013.1361559139784,12.25819892473118,11.727956989247312,0.0004249742290005622,-0.006701578585179189
307,2005.0,8.0,,1013.5682269752216,12.113978494623654,13.112768817204303,0.00010636714991478585,-0.005472992890184989
308,2005.0,9.0,,1015.0847282608696,12.344987922705315,12.714450483091788,0.00036153030039488197,-0.006557776911530688
309,2005.0,10.0,,1016.1695259042032,12.309066471163248,11.934762952101659,0.000149860828365378,-0.006458131482729332
310,2005.0,11.0,,1019.6752717391304,12.184178743961349,12.218677536231885,-0.0006322513234315446,-0.004317814156929005
311,2005.0,12.0,,1018.9168069191212,11.864562879850395,12.289814165497894,0.0002809857898203106,0.001911216460374705
312,2006.0,1.0,,1020.908064516129,12.023387096774194,12.670430107526881,0.0003858352675158977,-0.0011491612057979795
313,2006.0,2.0,,1018.9425595238097,11.20625,12.125148809523811,-0.00046311596979831495,-0.001905666595564864
314,2006.0,3.0,,1015.0126051893408,10.276770687237027,11.632579476390841,0.001897117214881033,-0.001334864555263259
315,2006.0,4.0,,1014.6062620772948,11.354981884057974,11.765114734299516,0.0008103654742574256,-0.003097960842642065
316,2006.0,5.0,,1015.0850864890136,11.020786582515194,10.40763791491351,0.00064225104416978,-0.00889134484144282
317,2006.0,6.0,,1014.878520531401,12.134347826086955,10.827952898550725,0.000835981554192038,-0.008344359055492951
318,2006.0,7.0,,1013.5087365591396,12.254301075268819,11.678360215053766,0.000607017490535453,-0.008343102708719427
319,2006.0,8.0,,1013.5782491818608,12.550642823749412,13.019495091164096,6.638889179580764e-05,-0.006483739867929871
320,2006.0,9.0,,1013.673888888889,11.9287077294686,12.497136583223545,0.0001459503299939919,-0.006588214573703706
321,2006.0,10.0,,1015.0752921926132,13.382935951379151,14.218466573165033,9.314894309316786e-05,-0.0035180330644770945
322,2006.0,11.0,,1019.3145468661777,13.149801195181627,13.664904968329827,0.0003773900144632447,-0.004400557250940379
323,2006.0,12.0,,1021.6873889668068,11.544366526414215,12.105034213098733,-0.000597804668678493,-0.0006942148578162965
324,2007.0,1.0,,1022.5999460240556,9.866798115395591,10.757041629478516,,-0.0061566526381409215
325,2007.0,2.0,,1018.7908885046112,10.592294254658388,11.036098955392433,,-0.00411559647501847
326,2007.0,3.0,,1019.6238455735477,10.662319903098304,10.886963428109992,,-0.008680734731547167
327,2007.0,4.0,,1017.5093092650102,10.30410852834766,9.84629355668486,,-0.010825396916691566
328,2007.0,5.0,,1015.4072442517745,10.560992286115006,9.903235824484073,,-0.009605871039228529
329,2007.0,6.0,,1014.468054091641,11.154356243595373,9.74700127569693,,-0.010466585967122915
330,2007.0,7.0,,1013.936734455353,12.598568256194485,11.196464469378213,0.0007702581459163222,-0.007760445893615342
331,2007.0,8.0,,1012.7725603510561,12.885866696417189,11.86748183093204,0.0008861380081683774,-0.006338314544111668
332,2007.0,9.0,,1013.7702355072464,13.441310386473427,12.599692028985508,0.0004299835436711447,-0.0049963199094882355
333,2007.0,10.0,,1016.8570418419824,12.556743805516597,11.963581112669473,-5.9837915386078274e-05,-0.003872988509162843
334,2007.0,11.0,,1018.6776811594203,11.624861111111107,11.62355072463768,-0.0009923894762606993,-0.0043653349242267925
335,2007.0,12.0,,1021.5791666666664,10.10483870967742,10.813306451612904,-0.0009694408144751668,-0.0034142348937182447
336,2008.0,1.0,,1016.9005549322113,9.824123889668073,10.815664329125758,-1.7312896783130177e-05,0.001619468250224848
337,2008.0,2.0,,1019.174843828086,10.052311344327837,10.714449025487253,0.00012642695761814652,-0.00540433508437235
338,2008.0,3.0,,1022.0384206723618,9.982281439925199,10.186577733860343,-0.000448088443536668,-0.010722716260916287
339,2008.0,4.0,,1019.3209842995168,9.760555555555557,9.553339371980675,-0.00044966503533253515,-0.01046864427162718
340,2008.0,5.0,,1014.3805224403927,10.41971131369799,9.606439925198693,-0.00020992604957378324,-0.011554983865991906
341,2008.0,6.0,,1014.5904166666667,10.33184782608696,9.280428743961354,-0.00023092924919158,-0.01272583486890735
342,2008.0,7.0,,1012.9226566152406,12.228763440860215,11.714697288452545,0.0004418374325373626,-0.00876934986965258
343,2008.0,8.0,,1011.4538978494625,12.803091397849464,12.168145161290324,0.00016447757650674485,-0.008948963018818977
344,2008.0,9.0,,1012.9791666666664,13.372638888888893,14.076944444444445,5.592176254077129e-05,-0.0039810332235412655
345,2008.0,10.0,,1017.4177419354841,12.558064516129036,12.402553763440864,-0.00034825616741247567,-0.005451195616311328
346,2008.0,11.0,,1019.2702898550723,12.780609903381645,12.608454106280195,-0.0005226191844618222,-0.0031782304216840802
347,2008.0,12.0,,1018.8431451612904,10.455913978494623,11.432661290322578,-0.0007734217019637892,-0.003651544132050161
348,2009.0,1.0,,1022.5994623655913,10.623118279569894,10.628225806451614,-0.0017069902342279244,-0.0037625827289286657
349,2009.0,2.0,,1015.9178571428572,10.704846014492755,10.928312629399583,0.0010921364352144726,0.0017299616758537195
350,2009.0,3.0,,1017.7976528261746,11.484141288106654,11.036573554374364,,-0.00953717534231878
351,2009.0,4.0,,1016.7603746852266,9.881923336525725,10.11475595485422,,-0.01146675950804545
352,2009.0,5.0,,1015.3745383356706,10.024263674614303,9.250619448340348,5.744369353972862e-05,-0.008027810096486579
353,2009.0,6.0,,1012.4301630434784,12.298013285024155,11.80374396135266,0.0004378827400377772,-0.00789406014778995
354,2009.0,7.0,,1014.4335846189807,11.566152407667134,10.972066386161757,0.00021805751984891656,-0.007852779408961503
355,2009.0,8.0,,1014.3391888733053,12.765468676951848,12.237459093034134,-3.938997525909696e-05,-0.006545416204410282
356,2009.0,9.0,,1013.692185990338,13.259861111111116,12.690271739130434,-7.627027775225338e-05,-0.0072041563697609785
357,2009.0,10.0,,1014.5348118279574,12.379032258064516,11.862231182795696,-0.00014117443564029246,-0.006514293030756265
358,2009.0,11.0,,1017.0378967107297,11.691740143586767,11.48920333542218,,-0.005751418516866772
359,2009.0,12.0,,1016.8454955092717,12.274588450588825,11.351022994462411,,0.0005329351918540125
360,2010.0,1.0,,1013.6242511520737,11.385407066052224,12.540552995391705,0.00044153846817080605,0.004573826306118808
361,2010.0,2.0,,1014.7914402173913,11.601986283643894,12.438528726708071,0.00043238885963876856,-0.0006440123867533326
362,2010.0,3.0,,1018.0938756428236,11.270763207106125,12.095190509583919,0.00045792539916779287,-0.005347645810210798
363,2010.0,4.0,,1015.0930555555556,10.876666666666667,11.40736111111111,0.00039340526259452056,-0.006597565840694002
364,2010.0,5.0,,1017.2879032258064,10.556989247311828,9.902956989247313,-9.20193535208998e-06,-0.010121321507541144
365,2010.0,6.0,,1014.7983937198063,11.454408212560384,10.424510869565216,-0.0017797874358854704,-0.011988930054346274
366,2010.0,7.0,,1013.2806568489948,11.435215053763438,11.250619448340347,-0.0006527954407278927,-0.004843399019281899
367,2010.0,8.0,,1012.5631837307152,11.638306451612904,11.849427302477796,-0.0008752951813340998,-0.006536832956587143
368,2010.0,9.0,,1012.6249214975846,12.286286231884056,11.656727053140097,-0.0004816355578391163,-0.005981639036260789
369,2010.0,10.0,,1016.3312903225807,12.422258064516132,12.010349462365587,,-0.003252514377365776
370,2010.0,11.0,,1019.8600311672328,10.979341906803207,11.657592516064195,,-0.006656121660539832
371,2010.0,12.0,,1015.8456189425257,12.840764597108992,12.005654663895914,,0.0010464575430324358
372,2011.0,1.0,,1019.6354301767217,12.099941563307777,11.207611304176819,,-0.0028823394720377303
373,2011.0,2.0,,1018.1252390278032,11.735663249434278,11.103282091057956,,-0.003411229142312145
374,2011.0,3.0,,1017.5081716766324,11.919597550344989,11.46584468351024,,-0.0013047114092736005
375,2011.0,4.0,,1017.8215124510964,10.501794879256103,10.644875820187158,,-0.009763704982798016
376,2011.0,5.0,,1016.2202898550728,10.56243098688751,10.149875540105098,0.001349702470146658,-0.008830130305808497
377,2011.0,6.0,,1013.5110809178744,11.052741545893722,9.98375603864734,0.0006813655495962743,-0.009783105048903134
378,2011.0,7.0,,1012.1147826043277,10.801562282667444,11.604200232639322,,-0.006188321721721946
379,2011.0,8.0,,1013.4701612903226,12.013978494623654,11.65967741935484,-0.00015216356490920248,-0.007760265191282999
380,2011.0,9.0,,1014.138888888889,12.263194444444444,12.044166666666667,6.185683241859251e-05,-0.004569581436681297
381,2011.0,10.0,,1016.1581989247313,13.421102150537633,13.256451612903225,-0.0001991502264909654,-0.004310391524491021
382,2011.0,11.0,,1018.3966847826088,11.35080314009662,11.2923731884058,-0.0007369243515616202,-0.002958874169228961
383,2011.0,12.0,,1022.6202956989247,10.505913978494622,11.010887096774194,-0.0007152025427549746,-0.0025153055418106816
384,2012.0,1.0,,1022.101014173998,10.291080156402737,10.665799120234604,-6.603299571337734e-05,-0.003387531082103548
385,2012.0,2.0,,1019.6274425287356,10.156896551724136,10.290660919540226,-0.0007025303818377522,-0.007312073870398247
386,2012.0,3.0,,1017.3260752688172,9.294448340345957,9.420143758765775,0.0010299566018981915,-0.0012575250464098252
387,2012.0,4.0,,1017.5356944444444,10.505277777777776,10.373472222222224,0.0007089610785484582,-0.006419060701589858
388,2012.0,5.0,,1016.1865825151939,10.081504207573634,9.050163627863489,0.0005726860389282562,-0.011685461029423886
389,2012.0,6.0,,1013.979365942029,11.036841787439613,9.741878019323671,0.0008174554497145138,-0.010446288262324249
390,2012.0,7.0,,1014.084005376344,11.343145161290321,10.366801075268818,-2.152057064591665e-05,-0.009046919545773866
391,2012.0,8.0,,1013.2541023842917,11.436857176250589,10.852542075736327,0.00033284307404790164,-0.007103066508251944
392,2012.0,9.0,,1015.6035265700484,11.44394927536232,11.435935990338164,0.00014563925115055137,-0.005116672052960415
393,2012.0,10.0,,1016.3667251051894,13.107579476390836,12.479470546984574,0.0002944911410174313,-0.004218758873720337
394,2012.0,11.0,,1018.0033816425124,13.04707125603865,12.939710144927535,0.00020935901366257408,-7.401711010907585e-05
395,2012.0,12.0,,1017.1932423817418,11.685406307110373,12.838354264949634,0.00043997025482923164,-0.001981622884285653
396,2013.0,1.0,,1022.6364364188877,10.099590930341279,10.994097709209907,-0.002347954799810955,-0.004191081097950223
397,2013.0,2.0,,1021.4786749482404,9.542527173913042,9.96847767268963,-0.0005114538741139453,-0.008407850741673049
398,2013.0,3.0,,1019.251856675349,9.447866159086354,9.610027898702514,6.754947965133392e-05,-0.007335353412310884
399,2013.0,4.0,,1017.8091123188403,9.848393719806763,9.369800724637683,-4.569826256391231e-05,-0.010682699003654223
400,2013.0,5.0,,1016.487523375409,10.754447171575503,9.597151918908578,0.0007084132673283494,-0.010049925537204343
401,2013.0,6.0,,1013.8345169082124,11.640923913043478,10.490670838823007,0.0005961215688845157,-0.009059246392591043
402,2013.0,7.0,,1013.5970839177188,11.286383824216928,11.175683730715285,0.00022395910182052348,-0.0041641858546168095
403,2013.0,8.0,,1014.6089203748566,12.626933252581921,11.639074121297126,0.0009700624436784203,-0.005333959136179953
404,2013.0,9.0,,1013.126287643516,13.415715932618108,11.929631956208036,0.0009071602945103283,-0.005987204824048961
405,2013.0,10.0,,1015.8839001870036,10.998509817671806,10.293596731692805,-0.00039525641129392136,-0.006467124333299211
406,2013.0,11.0,,1017.8541260430393,11.532209595959596,10.845828392621868,-0.0006757419937847747,-0.004304112446930412
407,2013.0,12.0,,1021.5874240299204,9.84265427769986,10.731328892005612,-0.0016184876277670285,-0.004667715373167953
408,2014.0,1.0,,1021.3162985039737,10.878675783076208,10.992046517064052,-0.0006372595272398961,-0.002969037875826289
409,2014.0,2.0,,1017.42757211086,10.959446169772255,11.213470496894413,0.00041034576960158976,-0.002329371174641217
410,2014.0,3.0,,1017.8628081303923,11.768580793913893,11.80088242169238,0.00020860616696959883,-0.0038027847229014774
411,2014.0,4.0,,1017.013825663467,10.807628866302776,10.514220104774447,0.0004031623758047537,-0.0068961697563321295
412,2014.0,5.0,,1016.9222173245176,11.529692309793994,10.154786615908638,-0.0002737339181799797,-0.01042502042990535
413,2014.0,6.0,,1012.7090277777776,11.335000000000004,10.504166666666668,-0.0005543479128818252,-0.009523144331812896
414,2014.0,7.0,,1015.1325268817204,13.102822580645164,13.30766129032258,-0.0005278193277081257,-0.004037308408824753
415,2014.0,8.0,,1014.2268817204301,14.039112903225806,14.846236559139786,-7.183858098628547e-05,-0.0047502499015584345
416,2014.0,9.0,,1012.33,15.680277777777775,16.62125,0.00010632237812083497,-0.0031658169049972066
417,2014.0,10.0,,1014.9834677419354,15.386424731182798,15.924596774193555,-0.0005423287454211199,-0.003982550985126425
418,2014.0,11.0,,1018.7855555555554,14.610416666666667,14.965,-0.0014795839978654338,-0.0011154590701267868
419,2014.0,12.0,,1017.7064925198688,13.848673445535299,15.254511453950446,-0.0015154717182088153,0.0011334234768463757
420,2015.0,1.0,,1021.2681451612905,12.577956989247316,13.311962365591395,-0.0024817211441365288,-0.000861546144547548
421,2015.0,2.0,,1017.5068452380954,13.081101190476188,13.844196428571427,-0.00032843574384919564,-0.0016792346436963815
422,2015.0,3.0,,1019.3532725572696,12.279657550257127,12.748357877512856,-0.0011403373325852384,-0.006573425132851556
423,2015.0,4.0,,1016.6132323232324,11.03407608695652,11.303786231884056,-0.001209467276492822,-0.009612338884389207
424,2015.0,5.0,,1014.2635752688172,10.61048387096774,10.229838709677418,-0.0003847025281030752,-0.008092482429267195
425,2015.0,6.0,,1013.0269444444446,11.580000000000005,11.014999999999995,-0.0004968693163145304,-0.0069342054357952685
426,2015.0,7.0,,1013.8904032258064,14.329569892473119,14.09530984719864,0.00034703649952381945,-0.004515474612660504
427,2015.0,8.0,,1014.1994623655916,15.151747311827958,15.106854838709676,0.00034198878843528764,-0.004165350107160609
428,2015.0,9.0,,1012.1181944444444,13.834861111111113,13.95,0.00010652524685816028,-0.007340386407510448
429,2015.0,10.0,,1014.5567204301076,15.281182795698928,15.942473118279569,-0.00017523896943196326,-0.005788203075612203
430,2015.0,11.0,,1018.6470833333333,12.178611111111113,12.980833333333333,-0.0015602969697716686,-0.0058802104148601856
431,2015.0,12.0,,1019.5302594670408,11.633415147265074,13.223036465638149,-7.806997089742086e-05,-0.0027806285888181057
432,2016.0,1.0,,1017.585922159888,11.829575736325385,13.100455820476856,-0.0006433061661109102,0.0029575172553496557
433,2016.0,2.0,,1021.2737068965516,12.272844827586205,12.787212643678162,-0.0008238574520729044,-0.003427909403120997
434,2016.0,3.0,,1016.5690743338008,12.169360682561946,12.775537634408606,0.0009390879858414518,-0.0044065073071617965
435,2016.0,4.0,,1017.1633333333333,11.772916666666667,11.609583333333333,-0.0004493037818147374,-0.007330251342034537
436,2016.0,5.0,,1014.2272849462364,11.545295698924733,11.418951612903225,-0.0002398382674909433,-0.006081880357414324
437,2016.0,6.0,,1015.0180132850239,11.454969806763284,10.715960144927537,-0.00017676502480669842,-0.00930892117525409
438,2016.0,7.0,,1013.6675341652688,10.20070924073637,11.016187592330763,,-0.00638300033185241
439,2016.0,8.0,,1014.4999775985665,12.803629032258065,13.041022931695151,0.0005848951765903169,-0.004700984185377164
440,2016.0,9.0,,1015.1612623025123,12.836787024269421,12.142603000481525,0.00033952764776476934,-0.008307834039631186
441,2016.0,10.0,,1015.747836146828,13.57449283577748,13.143033463813916,0.0007720639673491983,-0.001343536532991409
442,2016.0,11.0,,1018.9920949029463,13.856664172259645,14.604166540494267,-0.00030412637503682884,-0.0023229358326225195
443,2016.0,12.0,,1020.1257493150496,10.631593787513484,11.571748994793225,-0.0015419446578966082,-0.003666344010031519
444,2017.0,1.0,,1016.9103827400199,10.58492673545093,11.579490455120787,0.0011478753841668698,0.00041924752818794773
445,2017.0,2.0,,1015.4177146528156,11.806674785504011,12.516146792535356,0.0016521234066598466,0.00010048574538905529
446,2017.0,3.0,,1020.696432829885,11.837980301413968,12.29570668608794,0.000901760160516608,-0.006118703944831947
447,2017.0,4.0,,1018.003341265216,11.618083559958556,11.47717082343843,0.0006943153264481808,-0.0058644516081926105
448,2017.0,5.0,,1015.155472141889,10.73290610499238,9.75924840614101,0.0005399945673845738,-0.010324963021748495
449,2017.0,6.0,,1014.2289667508417,11.988890831390831,10.397955845112724,0.0009179223502445922,-0.011001639780756882
450,2017.0,7.0,,1014.9624153884683,11.792764079725444,10.785761926187416,0.00032979412941253533,-0.00908826613351005
451,2017.0,8.0,,1013.7305252500548,13.593400362364848,13.226584915862453,0.0004596558852651841,-0.006250033251577089
452,2017.0,9.0,,1013.1193055555556,15.174050278425279,14.483623111071608,0.00011933605407682173,-0.005636344963596796
453,2017.0,10.0,,1016.3611109544576,12.32231135799684,11.645011534618108,-0.000328396680483942,-0.007072553547220781
454,2017.0,11.0,,1018.3175943276207,13.400137145711202,13.597119349159096,-0.00033798488541438563,-0.00041559382891564735
455,2017.0,12.0,,1022.6258250933656,12.083804546707773,12.692403109662314,-0.0020361196500539047,-0.0027684984789118627
456,2018.0,1.0,,1021.2387266842401,12.315137661255903,13.16195506993643,-0.0011827142107078224,-0.0006070615006068149
457,2018.0,2.0,,1020.6032384540697,10.92185718389176,11.169802552845724,-0.0014112969766353815,-0.009312770681905664
458,2018.0,3.0,,1017.54579857614,10.606460295030834,11.125136892288248,0.0010662112047462788,-0.0018571731269145207
459,2018.0,4.0,,1018.6818009272937,11.278829968609898,10.86917984727844,0.0006300794496044264,-0.006640771558761817
460,2018.0,5.0,,1015.9636096729887,11.82379438894943,11.748822604690455,0.0006974234622964881,-0.01104791444631436
461,2018.0,6.0,,1013.8049041005287,12.164037537341885,11.346146707549002,0.000990573741755396,-0.012946521259488027
462,2018.0,7.0,,1015.9687051971324,11.492848402346356,12.280713369919374,0.0007169798208191803,-0.00617532062658871
463,2018.0,8.0,,1014.954659636566,11.232227701027892,11.796603109143165,0.0006730447702839793,-0.007270408798645587
464,2018.0,9.0,,1013.4808132608133,11.369656786403155,11.494773908854,0.0006990476372645128,-0.006819010625780355
465,2018.0,10.0,,1015.529018472567,13.540358336035005,13.570386455731573,-5.6353525403207324e-05,-0.005490662635392734
466,2018.0,11.0,,1017.8628043530542,13.125511199104734,12.84049441299465,0.00011161402679016033,-0.0038412666249269954
467,2018.0,12.0,,1020.4672925914496,14.474316590432286,13.894421746487152,-0.0017058668928973655,-0.002349812263994991
468,2019.0,1.0,,1017.8970119525118,13.568278109331224,12.951221193138787,9.29571664484472e-05,0.0021301102001444225
469,2019.0,2.0,,1013.9386031712984,12.990415579708367,12.463382487417233,0.001462485718599666,-0.0013415293260405365
470,2019.0,3.0,,1017.7027905906532,12.943783901274653,12.475483697654214,0.0006709676107073178,-0.001950316017767215
471,2019.0,4.0,,1016.9788425925927,11.232801558332977,11.270039480004122,0.0005660054515827293,-0.0076159254590499655
472,2019.0,5.0,,1013.609520609319,11.496112317101565,12.155932050301216,0.0012153561937528034,-0.005760140873510052
473,2019.0,6.0,,1014.0193006587773,10.648583180112434,11.814936480739807,6.0338052619791456e-05,-0.00807211789497571
474,2019.0,7.0,,1014.7490037311503,9.86903287124353,10.691599241863836,0.0010194217811141367,-0.009978496466394407
475,2019.0,8.0,,1013.9619124987726,11.836510936532905,12.38877232891402,0.0007639597399140564,-0.00584065258017478
476,2019.0,9.0,,1014.0065797397048,12.07633037115854,12.29096615532355,0.0007345417955488357,-0.00726586535901705
477,2019.0,10.0,,1016.2299330816749,11.085744613039513,11.515711059673967,-0.0002401412502006944,-0.005373964562195551
478,2019.0,11.0,,1016.0229277930573,11.820207135995258,11.610280058191881,-0.000733933411653065,-0.003976152999212152
479,2019.0,12.0,,1017.5075014001724,13.454471463569186,12.715242930732806,-0.0007919429800362507,0.0013110550185927805
480,2020.0,1.0,,1023.2302891358294,12.854328183201062,12.103424988109687,-0.00020659052037343007,-0.004024200990086015
481,2020.0,2.0,,1021.551095438586,11.439932546051974,10.782722059264257,-0.001303298885490976,-0.008925376656235655
482,2020.0,3.0,,1017.6960692861012,12.02357548629122,11.568345737782431,0.00033179345098568254,-0.0027889688989156712
483,2020.0,4.0,,1018.0216898148147,10.859220523074985,10.950549530151644,0.0003110568452551076,-0.00869572732391489
484,2020.0,5.0,,1015.8561605541156,12.044612451467293,11.022046576853583,0.0003825529904086729,-0.006485675650299765
485,2020.0,6.0,,1014.277202149702,11.882935437345648,10.929881687156556,0.00047051059186834296,-0.008341055795928408
486,2020.0,7.0,,1013.6882570283267,11.966654635065982,11.631768949789569,0.0003453225709446585,-0.007064845474718898
487,2020.0,8.0,,1012.6741487455196,12.527672663358144,11.777358288702569,0.0005044362718918023,-0.006332965097498722
488,2020.0,9.0,,1014.6457143550892,13.647077020202026,12.72046485356007,0.00025298414053123714,-0.004497995404957161
489,2020.0,10.0,,1015.5133079205592,12.705785430269833,12.22117252101851,-0.00037478551700468503,-0.004349562892200569
490,2020.0,11.0,,1019.2192544015552,11.110793189620724,11.48795175255477,-0.0002478456517795707,-0.004825309169412127
491,2020.0,12.0,,1021.577758293186,10.745888255014005,10.824686725460525,-0.0007620838880035887,-0.003176975323975487
